<?xml version="1.0" encoding="UTF-8"?>
<Configuration status="WARN">
    <Appenders>
        <Console name="Console" target="SYSTEM_OUT">
            <PatternLayout pattern="%d{HH:mm:ss.SSS} [%t] %-5level %logger{36} - %msg%n"/>
        </Console>
        <!-- Add other appenders as needed -->
    </Appenders>
    <Loggers>
        <Logger name="org.hibernate" level="WARN" />
        <!-- Add other loggers as needed -->
        <Root level="ERROR">
            <AppenderRef ref="Console"/>
        </Root>
    </Loggers>
</Configuration>
